customer_id,age,gender,tenure,balance,products_number,credit_card,active_member,estimated_salary,churn
1,52,0,3,19044.14,4.0,0,1,,0
2,42,0,1,33520.84,2.0,1,0,,0
3,54,1,2,108826.69,1.0,1,1,290898.83,0
4,67,1,5,27677.45,3.0,0,0,51844.95,0
5,41,0,9,7112.87,4.0,1,1,6605.47,0
6,41,1,5,68154.78,2.0,1,0,98445.15,0
7,68,0,7,27374.01,4.0,0,1,140594.28,0
8,56,1,4,11824.36,2.0,1,1,15522.31,0
9,37,1,14,30296.33,4.0,1,1,47677.54,0
10,53,1,4,31538.4,2.0,1,1,76070.61,0
11,38,1,1,14293.02,2.0,0,0,39732.87,0
12,38,1,5,3931.83,1.0,1,1,22377.32,0
13,48,0,2,76489.0,3.0,1,1,144726.17,0
14,18,1,0,69358.34,3.0,1,0,25983.67,0
15,19,0,2,45130.33,2.0,1,1,11223.38,0
16,36,1,10,14968.91,1.0,0,0,7893.14,0
17,29,1,3,23174.84,1.0,0,0,97584.79,0
18,49,1,7,44269.9,2.0,1,1,106700.27,0
19,31,0,20,121462.03,4.0,1,1,51665.51,0
20,23,1,0,39965.42,1.0,1,1,28547.41,0
21,66,1,5,21563.9,3.0,1,1,40909.83,0
22,41,1,3,34500.18,2.0,1,1,18737.11,0
23,46,0,4,56509.99,3.0,1,1,44127.19,0
24,23,0,1,96622.01,4.0,1,0,7446.29,0
25,36,0,12,103905.05,4.0,1,1,29343.96,0
26,46,0,7,95616.91,4.0,1,1,48593.55,0
27,27,1,4,32527.45,2.0,0,1,55605.01,0
28,50,0,3,140806.93,3.0,1,1,64016.45,0
29,35,1,9,66198.09,3.0,1,1,98087.28,0
30,40,0,16,26628.4,3.0,1,1,128236.26,0
31,35,0,9,178798.37,4.0,1,1,121080.45,0
32,72,1,4,87994.75,4.0,1,1,126568.34,0
33,44,1,6,25796.34,2.0,1,0,46927.08,0
34,29,1,0,,,0,0,16238.93,0
35,57,1,4,52683.87,3.0,1,1,131413.21,0
36,26,1,0,33602.74,2.0,1,0,128080.76,0
37,48,0,6,50655.87,3.0,0,0,84417.82,0
38,18,1,4,37047.18,1.0,0,1,127946.88,0
39,25,1,0,114538.25,3.0,1,1,12538.34,0
40,47,1,4,105347.44,2.0,1,1,25127.12,0
41,56,0,5,50373.09,3.0,1,1,142234.99,0
42,47,1,4,92483.6,2.0,1,0,78156.31,0
43,43,0,1,9749.82,3.0,0,1,130893.26,0
44,40,0,3,46891.96,2.0,1,1,55955.3,0
45,22,0,6,197981.4,3.0,1,1,19803.83,0
46,34,0,0,18419.68,2.0,1,1,33060.23,0
47,38,1,1,11210.85,3.0,1,1,12360.64,0
48,60,1,5,22375.92,2.0,1,0,23555.89,0
49,50,1,16,23114.14,2.0,0,0,110683.21,0
50,18,0,4,12380.49,1.0,1,0,55480.84,0
51,49,0,7,30763.17,4.0,1,1,67002.61,0
52,39,0,3,7653.93,1.0,1,1,10814.6,0
53,34,1,4,32575.35,1.0,1,0,29443.79,0
54,54,0,2,80798.21,3.0,1,0,26223.37,0
55,60,1,8,20793.48,3.0,1,1,148929.79,0
56,58,1,15,322041.19,3.0,1,1,46169.39,0
57,32,0,4,52421.23,1.0,1,1,20598.77,0
58,40,1,11,142604.18,3.0,1,1,58018.82,0
59,49,1,8,24438.26,2.0,0,1,30030.23,0
60,59,1,3,86814.74,2.0,0,1,244454.44,0
61,37,1,12,17399.25,4.0,0,1,22998.39,0
62,42,0,1,66097.51,1.0,1,0,19112.41,0
63,28,0,3,33322.93,4.0,0,1,6228.23,0
64,27,1,0,37152.71,1.0,1,0,33306.09,0
65,57,1,2,10360.38,2.0,1,0,35676.17,0
66,65,0,6,19439.03,3.0,1,1,19682.88,0
67,43,1,3,58794.88,1.0,1,1,154022.99,0
68,60,1,6,17747.85,4.0,0,1,99091.58,0
69,50,1,6,67206.92,2.0,1,0,64618.9,0
70,35,0,0,,1.0,0,0,118987.2,0
71,50,1,2,74073.81,1.0,1,0,112292.83,0
72,68,1,7,15065.89,2.0,1,1,33091.41,0
73,44,0,3,56709.24,4.0,1,1,26313.78,0
74,68,0,10,113648.04,1.0,1,0,159861.53,0
75,18,1,4,13519.21,1.0,1,1,37898.12,0
76,57,0,12,110139.26,2.0,1,0,83278.43,0
77,46,1,7,56358.62,2.0,1,0,31659.63,0
78,40,1,3,18376.59,1.0,1,1,70875.47,0
79,46,0,7,15843.17,2.0,1,1,26192.61,0
80,18,1,0,2723.14,1.0,1,1,25437.35,0
81,41,0,2,41619.81,3.0,1,0,183280.02,0
82,50,1,9,10502.54,1.0,1,1,29965.59,0
83,67,0,6,53112.02,4.0,1,1,23338.46,0
84,37,1,8,32597.7,2.0,0,1,17836.29,0
85,32,0,8,79756.38,4.0,0,1,108773.61,0
86,37,0,10,34848.32,2.0,0,0,50757.42,0
87,58,1,15,50701.11,3.0,1,1,66432.93,0
88,49,0,4,76289.93,1.0,1,0,43354.8,0
89,37,1,2,39538.82,1.0,1,1,79354.5,0
90,52,0,6,58983.35,4.0,0,1,34465.82,0
91,46,1,3,53106.35,1.0,1,1,79580.83,0
92,59,0,7,10401.43,3.0,1,1,31965.78,0
93,34,1,6,78120.91,4.0,1,1,24864.54,0
94,40,0,6,71523.59,1.0,1,1,34019.73,0
95,39,0,3,11292.1,1.0,0,0,31735.41,0
96,23,0,0,16048.15,1.0,0,1,30034.84,0
97,49,0,4,35281.65,1.0,0,1,60502.99,0
98,48,1,2,27264.46,3.0,0,0,2583.22,0
99,45,0,12,77814.2,2.0,0,0,32164.16,0
100,41,1,3,132998.23,2.0,1,1,42106.57,0
101,23,0,0,60427.29,,1,1,135346.17,0
102,38,0,0,6404.41,1.0,0,1,17754.92,0
103,39,1,6,71557.12,3.0,1,0,63456.89,0
104,32,1,5,127287.18,3.0,1,1,162366.15,0
105,42,0,3,47216.63,1.0,0,1,20477.89,0
106,51,0,2,95217.82,2.0,1,0,91876.57,0
107,73,0,6,376980.42,4.0,1,0,46217.94,0
108,47,1,3,93253.56,2.0,1,1,42248.62,0
109,48,1,7,56695.57,1.0,1,1,33771.09,0
110,43,0,5,106167.28,3.0,1,1,33123.23,0
111,18,1,1,24645.87,2.0,0,0,243553.73,0
112,44,1,2,30861.13,2.0,0,1,91347.37,0
113,45,1,20,53474.49,1.0,1,1,148170.49,0
114,80,1,8,283981.72,2.0,1,0,139959.2,0
115,42,0,7,18500.04,1.0,1,1,12457.85,0
116,49,0,2,145603.52,1.0,0,1,89358.72,0
117,44,0,4,57951.67,1.0,1,0,142567.1,0
118,27,0,0,5272.37,2.0,0,0,17247.2,0
119,62,1,6,67190.33,4.0,1,1,167597.72,0
120,56,1,19,9855.61,4.0,1,1,96972.17,0
121,56,0,5,77814.64,2.0,1,1,315750.19,0
122,31,0,0,,2.0,1,1,34473.3,0
123,66,0,3,21536.25,4.0,0,1,25958.01,0
124,23,1,1,25496.26,1.0,0,0,23385.57,0
125,53,0,3,248583.94,3.0,1,1,217348.53,0
126,77,1,4,27336.77,3.0,0,1,16317.01,0
127,30,0,7,12987.21,4.0,0,1,6941.68,0
128,36,0,3,133558.73,2.0,1,1,56795.32,0
129,46,1,3,236421.49,4.0,1,1,43735.9,0
130,37,1,12,52042.28,4.0,1,1,54153.34,0
131,21,0,0,55113.63,2.0,1,0,82467.76,0
132,46,1,17,263853.08,4.0,1,1,40052.27,0
133,29,1,1,11416.05,2.0,0,0,7953.7,0
134,52,1,13,38042.31,3.0,1,1,348918.14,0
135,31,0,4,106648.86,4.0,1,1,21685.18,0
136,68,1,12,360611.02,4.0,1,1,35612.37,0
137,33,1,20,119497.65,2.0,1,1,121007.67,0
138,40,1,2,12062.03,1.0,0,0,32039.68,1
139,57,0,18,571315.82,1.0,1,1,69108.62,0
140,26,0,2,14921.06,3.0,1,1,49160.73,0
141,48,0,4,26025.94,1.0,1,1,117518.52,0
142,64,1,5,62347.11,4.0,1,1,60741.93,0
143,20,0,2,112546.47,1.0,0,0,127412.14,0
144,47,1,2,72642.2,1.0,1,0,11457.43,0
145,48,1,5,59032.6,3.0,1,1,117910.22,0
146,56,0,6,70573.07,4.0,1,1,36660.4,0
147,26,1,6,35337.37,1.0,0,1,100151.11,0
148,25,0,8,65816.96,3.0,1,1,47602.44,0
149,52,1,5,3212.34,1.0,1,1,30525.54,0
150,49,0,3,25329.12,3.0,0,1,85165.9,0
151,48,1,3,43010.55,1.0,1,1,131189.7,0
152,50,1,3,10869.02,3.0,0,1,84964.39,0
153,34,1,0,33709.81,4.0,0,0,17209.28,0
154,48,1,3,27540.35,1.0,0,1,33532.52,0
155,49,1,3,197164.42,1.0,0,1,64938.08,0
156,34,1,17,298191.81,3.0,1,1,49331.47,0
157,72,1,8,35335.31,2.0,1,0,121730.15,0
158,52,1,4,32353.76,4.0,1,1,10432.93,0
159,27,0,4,27779.83,1.0,1,1,44604.33,0
160,54,1,3,22602.51,3.0,0,1,42619.07,0
161,30,1,2,32123.61,2.0,0,0,18568.08,0
162,56,1,7,22102.76,3.0,1,1,30476.8,0
163,62,0,6,15018.23,1.0,1,1,50164.66,0
164,32,1,2,50253.5,2.0,0,1,2753.74,0
165,59,0,20,159976.8,3.0,1,1,42563.72,0
166,51,1,12,26232.7,4.0,0,1,25591.23,0
167,57,0,7,116424.77,1.0,0,1,111343.27,0
168,73,1,8,30148.29,4.0,1,1,35459.81,0
169,41,1,5,47239.72,3.0,1,1,48490.54,0
170,33,0,1,56682.06,3.0,1,1,171863.27,0
171,31,1,2,25813.67,2.0,0,0,82066.39,0
172,32,0,0,35402.71,1.0,1,0,77733.21,0
173,43,1,4,20790.68,2.0,1,1,30675.32,0
174,50,1,5,32575.64,2.0,0,1,78503.47,0
175,49,1,3,27735.21,1.0,0,1,41562.98,0
176,57,1,19,38451.36,1.0,1,1,62147.89,0
177,45,1,13,48820.08,1.0,1,1,85176.16,0
178,66,0,10,12733.78,2.0,1,0,38743.93,0
179,41,0,4,20945.49,1.0,0,1,146276.41,0
180,80,1,15,62123.55,3.0,1,1,83067.38,0
181,54,1,3,27482.26,1.0,1,1,88144.3,0
182,32,1,8,31764.1,4.0,1,1,121018.79,0
183,28,1,0,,1.0,0,1,79578.64,0
184,52,0,10,86806.74,2.0,1,1,22023.65,0
185,41,1,2,70347.23,4.0,1,1,82218.19,0
186,55,0,12,31629.19,4.0,0,1,107585.44,0
187,52,1,16,20976.57,2.0,1,0,106738.11,0
188,43,0,2,10535.38,1.0,1,1,18778.65,0
189,32,0,3,17943.15,4.0,0,1,22327.91,0
190,22,0,19,41332.64,4.0,1,1,87873.84,0
191,38,0,4,15420.26,1.0,0,1,22902.74,0
192,57,1,12,16837.4,1.0,0,1,44003.55,0
193,48,0,6,26354.58,4.0,1,1,174239.37,0
194,26,0,1,27886.97,3.0,1,1,32156.79,0
195,47,0,3,60742.41,4.0,1,1,35369.83,0
196,50,0,3,19678.12,2.0,1,0,25194.43,0
197,31,0,7,25023.75,2.0,0,0,48338.23,0
198,47,0,4,14282.32,4.0,0,1,16749.96,0
199,45,1,5,36819.68,2.0,0,0,38734.87,0
200,27,1,3,11890.28,1.0,0,1,44565.22,0
201,50,1,6,75015.72,3.0,1,1,186867.74,0
202,53,0,12,9992.65,3.0,1,1,90442.98,0
203,61,0,20,60416.03,3.0,1,1,43197.52,0
204,60,1,5,58042.84,1.0,0,0,193901.07,0
205,24,1,8,44790.25,1.0,1,0,32693.08,0
206,30,0,7,553303.48,4.0,0,1,17567.43,0
207,52,0,6,61001.55,4.0,1,1,59241.3,0
208,52,0,17,26583.55,4.0,1,1,165244.0,0
209,52,0,3,31753.27,4.0,0,1,59684.95,0
210,80,0,5,8389.06,2.0,1,1,73362.24,0
211,53,1,11,52488.63,2.0,0,0,255395.86,0
212,62,1,6,20223.07,4.0,0,1,18951.01,0
213,59,1,12,156137.12,3.0,1,1,26670.41,0
214,54,1,13,36260.35,4.0,0,1,14755.41,0
215,40,1,1,23714.8,2.0,1,0,58714.39,0
216,56,1,13,33808.35,4.0,1,1,63063.97,0
217,33,1,3,167841.34,1.0,1,1,171926.49,0
218,41,0,4,24824.58,2.0,0,0,53832.41,0
219,37,0,5,220947.59,2.0,1,1,38951.28,0
220,46,0,14,138418.99,3.0,1,1,62406.95,0
221,79,1,4,74407.73,3.0,1,1,102706.13,0
222,18,1,2,33631.6,2.0,0,1,7245.63,0
223,55,0,8,73476.99,3.0,0,1,619144.95,0
224,20,1,5,4326.14,3.0,0,1,44035.58,0
225,37,0,6,28531.92,4.0,1,1,48973.51,0
226,61,1,3,87338.74,3.0,1,1,125106.62,0
227,45,0,3,31358.14,1.0,0,1,83274.12,0
228,28,0,2,6354.57,2.0,0,0,31155.16,0
229,34,1,8,39128.36,4.0,1,1,30771.14,0
230,55,0,4,211868.55,2.0,1,1,114392.4,0
231,34,0,1,87677.68,3.0,1,1,69417.48,0
232,48,0,17,65957.26,3.0,1,1,33588.43,0
233,45,1,1,72151.36,1.0,1,0,190986.31,0
234,35,1,20,48093.17,3.0,1,1,65667.28,0
235,77,0,10,11784.47,2.0,0,1,126316.19,0
236,54,1,11,22755.97,3.0,1,1,163665.3,0
237,18,1,0,92508.46,2.0,1,1,36513.54,0
238,47,0,1,21554.09,4.0,0,1,62707.18,0
239,35,0,7,30823.55,1.0,0,1,76368.99,0
240,57,0,11,43526.1,3.0,1,1,40711.17,0
241,33,0,7,258932.75,1.0,1,0,52254.15,0
242,43,1,2,151827.17,1.0,0,1,65769.72,0
243,52,0,9,469528.83,2.0,1,1,31639.47,0
244,57,1,10,47720.62,3.0,1,1,464286.04,0
245,26,1,4,39786.17,1.0,1,1,14088.98,0
246,39,0,8,9483.62,2.0,0,1,15169.34,0
247,37,1,10,206434.87,4.0,1,1,154010.15,0
248,35,0,5,10791.09,3.0,0,1,70680.37,0
249,71,1,4,54005.3,4.0,1,1,37813.78,0
250,51,1,5,13343.48,2.0,1,0,83825.13,0
251,26,1,0,11734.77,2.0,0,0,108109.38,0
252,58,1,5,18307.44,2.0,1,0,55297.08,0
253,76,0,7,29768.0,2.0,0,0,557592.4,1
254,60,1,3,21711.68,1.0,0,1,14628.9,0
255,22,1,1,12882.95,1.0,0,0,53141.07,0
256,37,1,1,59653.18,1.0,0,0,136846.51,0
257,64,1,11,20532.09,4.0,1,1,124476.09,0
258,34,1,15,71399.98,3.0,1,1,43297.09,0
259,51,0,2,108109.63,2.0,1,0,53139.08,0
260,56,0,18,46515.22,3.0,1,1,102374.27,0
261,31,1,3,14106.57,1.0,0,0,71140.08,0
262,44,0,3,25922.53,1.0,0,1,75270.14,0
263,18,1,0,63063.15,4.0,1,0,82452.18,0
264,29,1,3,34420.98,2.0,1,1,15751.66,0
265,41,0,9,27309.76,4.0,1,1,36924.63,0
266,26,0,5,51457.93,4.0,1,1,20475.2,0
267,69,1,4,14235.35,2.0,0,1,47463.83,0
268,23,0,0,40489.13,1.0,1,1,91465.59,0
269,38,1,3,46533.73,3.0,0,1,59705.02,0
270,46,0,3,24415.56,3.0,0,1,385817.24,0
271,66,1,4,18130.87,1.0,1,1,72914.98,0
272,23,0,0,8440.09,1.0,0,0,32758.92,0
273,62,1,11,104233.25,4.0,1,1,84289.02,0
274,45,0,14,207775.03,2.0,0,0,36845.23,0
275,30,1,2,13974.84,4.0,0,1,34673.49,0
276,51,0,13,96946.66,1.0,1,0,165256.08,0
277,47,1,3,4156.14,3.0,0,1,53308.24,0
278,35,1,3,16756.42,3.0,0,1,21174.28,0
279,46,0,2,29723.18,3.0,0,1,22869.61,0
280,39,0,6,15467.52,3.0,1,1,29892.2,0
281,46,0,20,30047.23,2.0,1,1,50854.43,0
282,54,1,7,23812.36,1.0,0,1,139652.34,0
283,68,1,6,65139.07,3.0,0,1,28432.47,0
284,26,1,4,24546.42,2.0,0,1,25867.88,0
285,76,0,5,5144.43,2.0,0,1,78258.54,0
286,18,0,9,4417.46,4.0,0,1,6365.18,0
287,42,1,4,18824.9,3.0,0,1,23114.9,0
288,53,1,5,64226.16,1.0,1,1,40010.21,0
289,49,1,6,2687.73,3.0,1,1,26510.79,0
290,35,0,5,21047.25,1.0,0,0,46575.12,0
291,41,1,1,15889.64,2.0,0,1,38964.38,0
292,37,0,6,151145.78,1.0,1,0,34515.5,0
293,36,0,1,17475.54,1.0,1,0,57279.54,0
294,57,1,8,73850.09,2.0,1,0,288545.04,0
295,50,1,10,60884.01,3.0,1,1,245301.1,0
296,34,1,8,4897.31,2.0,0,1,8423.19,0
297,58,0,6,97252.98,2.0,1,1,116857.19,0
298,49,0,5,48767.28,2.0,1,1,56501.88,0
299,57,1,3,60454.71,4.0,1,1,82311.9,0
300,54,1,9,2631864.19,1.0,1,1,50806.52,0
301,32,0,1,3074.81,1.0,0,1,41493.48,0
302,36,0,4,183402.38,4.0,1,1,59683.98,0
303,56,0,4,29147.85,2.0,0,1,34736.59,0
304,54,1,3,47325.5,1.0,0,1,34108.86,0
305,44,0,6,38388.75,2.0,0,1,42203.9,0
306,46,0,1,18388.74,3.0,0,1,57817.06,0
307,64,0,10,33389.07,2.0,0,1,98517.64,0
308,36,0,2,38952.54,3.0,1,0,104649.52,0
309,53,0,2,7130.68,3.0,0,1,35706.37,0
310,41,1,4,72505.04,2.0,1,1,72279.13,0
311,41,0,1,17738.2,2.0,0,1,95688.45,0
312,61,1,4,13048.52,4.0,1,1,149477.64,0
313,57,0,8,32105.76,2.0,1,0,53354.64,0
314,57,1,3,127839.44,1.0,1,1,60925.15,0
315,64,1,12,38017.12,3.0,1,1,71089.38,0
316,45,1,1,39875.83,1.0,1,0,24464.11,0
317,55,1,3,17232.48,3.0,0,1,46656.97,0
318,40,0,7,87891.67,4.0,1,1,102780.91,0
319,49,0,3,67631.24,4.0,1,1,108880.42,0
320,43,1,1,173882.78,1.0,0,0,47918.74,0
321,46,1,3,27867.61,1.0,0,0,57057.01,0
322,53,1,3,68736.34,1.0,1,1,35634.89,0
323,32,1,9,47085.67,2.0,1,1,86195.97,0
324,76,1,6,188021.55,3.0,1,1,85172.36,0
325,29,0,7,18065.25,1.0,0,0,28539.26,0
326,26,0,10,89083.6,2.0,1,1,32519.77,0
327,62,1,6,38289.77,3.0,1,1,73625.4,0
328,56,1,14,62466.91,4.0,1,1,50149.93,0
329,54,0,4,41912.36,1.0,1,1,118293.11,0
330,54,1,19,101932.13,1.0,1,0,50928.58,0
331,44,0,1,24590.35,1.0,1,0,166247.24,0
332,31,1,5,41362.44,1.0,1,0,155489.78,0
333,46,0,5,185721.44,4.0,1,0,30539.04,0
334,34,0,2,73643.56,2.0,1,1,53910.94,0
335,59,1,7,115200.0,3.0,1,1,44323.21,0
336,42,0,7,26593.38,3.0,0,1,34675.66,0
337,32,1,0,,4.0,0,0,187430.37,0
338,40,1,1,69280.65,3.0,1,1,44295.07,0
339,51,1,8,115203.32,4.0,1,1,89429.15,0
340,36,0,6,162908.38,4.0,1,1,81531.93,0
341,32,0,17,33159.14,1.0,0,1,16961.77,0
342,48,0,8,37188.41,4.0,0,1,24919.56,0
343,48,1,16,13115.39,3.0,0,1,18819.84,0
344,37,1,6,25468.33,4.0,0,1,20378.83,0
345,37,1,2,76615.2,3.0,1,1,5504.76,0
346,48,1,2,19561.93,1.0,0,1,76355.14,0
347,23,1,6,62187.71,2.0,1,1,210007.06,0
348,23,1,4,23703.98,4.0,0,1,35151.89,0
349,34,0,0,31674.83,1.0,0,1,12631.46,0
350,41,1,3,10087.3,2.0,0,0,26492.84,0
351,49,0,17,77065.77,4.0,1,1,45131.98,0
352,67,1,7,2576.8,2.0,1,0,27996.01,0
353,57,1,5,34807.42,1.0,0,1,111293.77,0
354,42,1,4,6763.72,3.0,0,1,86104.71,0
355,44,0,2,100643.95,2.0,1,1,23977.3,0
356,29,0,2,56935.74,1.0,1,0,82638.12,0
357,44,0,3,52055.38,2.0,0,0,204981.39,0
358,40,0,1,121981.73,1.0,1,0,259557.2,0
359,49,0,9,19281.29,1.0,1,0,495961.27,0
360,32,1,2,154737.8,2.0,0,0,23860.77,0
361,52,1,10,136514.98,1.0,1,0,651077.34,0
362,67,0,13,54784.61,4.0,1,1,61875.79,0
363,43,0,2,92981.83,2.0,1,0,37030.74,0
364,51,0,7,14987.25,4.0,0,1,66991.08,0
365,55,1,5,18107.74,1.0,1,1,34194.36,0
366,38,1,11,27181.96,1.0,0,1,57968.52,0
367,48,1,3,19908.48,1.0,0,1,17178.66,0
368,45,1,7,14970.44,4.0,0,1,39001.77,0
369,46,1,6,138899.61,1.0,1,1,174287.55,0
370,33,1,2,21015.72,4.0,1,1,36776.7,0
371,45,0,2,43242.91,1.0,1,1,68734.41,0
372,52,1,7,25825.76,4.0,1,1,76485.01,0
373,66,0,10,9701.43,3.0,0,1,159349.25,0
374,59,1,4,52113.11,1.0,1,0,19843.05,0
375,77,0,9,9089.37,2.0,0,1,112454.86,0
376,33,1,2,25418.85,1.0,0,0,31062.53,0
377,58,1,9,13635.05,3.0,0,1,64731.04,0
378,47,1,2,225618.61,3.0,1,0,147708.2,0
379,77,1,15,201373.34,3.0,1,0,35231.75,0
380,32,0,1,27470.46,3.0,0,1,16799.51,0
381,32,0,2,95399.71,3.0,1,1,10438.34,0
382,36,0,0,10016.14,1.0,1,0,26212.76,0
383,18,0,0,33377.79,,1,0,80010.17,0
384,37,1,4,40293.33,2.0,1,1,48870.19,0
385,33,0,1,32496.55,2.0,0,0,13176.22,0
386,47,1,10,183965.67,4.0,1,0,42894.16,0
387,50,1,2,65981.87,1.0,1,0,20101.45,0
388,73,1,6,67265.43,1.0,1,0,35695.93,0
389,59,0,4,7602.46,1.0,0,0,78313.87,0
390,36,1,0,8939.39,2.0,1,1,15902.47,0
391,31,1,0,,1.0,0,1,90211.31,0
392,52,1,4,41303.21,1.0,0,0,64222.64,0
393,25,1,2,8109.77,1.0,0,1,35000.42,0
394,72,1,6,558124.41,3.0,1,1,69524.29,0
395,62,0,6,211933.84,3.0,1,1,143679.27,0
396,37,1,5,64553.01,3.0,1,0,100701.95,0
397,19,0,0,,1.0,1,1,37033.65,0
398,65,0,6,38480.21,4.0,1,1,126099.15,0
399,43,0,17,25940.25,4.0,1,1,38616.7,0
400,63,0,6,50648.41,2.0,1,1,120927.23,0
401,21,0,4,36312.38,4.0,0,1,22725.59,0
402,36,0,2,8093.61,2.0,0,0,40746.04,0
403,45,1,8,63686.32,4.0,1,1,49267.19,0
404,45,1,8,39037.95,3.0,1,1,42572.07,0
405,38,1,4,4942.5,3.0,0,1,24273.26,0
406,54,0,20,34659.9,3.0,0,1,78135.06,0
407,28,0,0,14273.95,2.0,0,0,99475.11,0
408,42,1,1,179212.32,2.0,0,0,149396.22,0
409,46,0,8,80238.59,3.0,1,1,22805.2,0
410,52,0,10,14136.52,1.0,0,0,146679.55,0
411,55,1,3,58194.38,4.0,0,1,54901.86,0
412,28,0,1,5053.33,4.0,0,1,56374.06,0
413,21,1,0,,1.0,0,0,18749.85,0
414,64,1,5,27639.75,3.0,1,1,68348.69,0
415,49,0,9,45350.25,1.0,1,1,83736.17,0
416,33,0,3,111048.21,2.0,1,0,15259.37,0
417,68,1,5,12586.56,1.0,1,1,103977.26,0
418,46,0,3,8214.58,3.0,1,1,140699.23,0
419,62,0,3,21086.68,2.0,0,1,51791.32,0
420,46,1,3,93822.79,1.0,1,0,185003.59,0
421,75,0,9,13280.76,1.0,0,0,59284.26,0
422,71,1,20,5486.5,1.0,0,0,130418.54,0
423,41,1,10,31143.11,4.0,1,1,7510.03,0
424,59,0,3,64135.11,2.0,1,0,516490.07,0
425,54,0,13,208622.62,3.0,1,1,231138.63,0
426,65,0,11,39296.1,4.0,1,1,63913.9,0
427,30,0,7,24814.95,4.0,0,1,7497.53,0
428,55,0,5,130941.95,3.0,1,1,89165.73,0
429,60,1,5,6621.57,1.0,1,0,18303.79,0
430,18,0,0,13143.02,1.0,0,1,39397.04,0
431,27,1,0,25847.38,2.0,0,0,47447.41,0
432,18,1,0,30375.31,2.0,0,1,12996.57,0
433,40,1,2,17462.75,2.0,0,1,106840.8,0
434,55,1,5,42746.8,3.0,1,0,134900.01,0
435,67,0,10,5012.2,1.0,1,1,137935.82,0
436,46,1,4,18520.69,1.0,0,1,48277.36,0
437,69,1,4,67459.63,3.0,0,1,27080.21,0
438,24,0,15,19382.41,3.0,0,1,69875.09,0
439,19,0,13,47827.67,4.0,1,1,29661.52,0
440,44,1,9,74589.47,2.0,1,1,19878.62,0
441,50,0,20,56296.33,4.0,1,1,194944.07,0
442,44,0,5,44665.52,3.0,1,1,324081.52,0
443,18,0,15,18503.68,2.0,1,0,26703.89,0
444,43,0,1,22268.24,3.0,1,0,257405.68,0
445,25,1,1,42371.58,4.0,1,1,45709.23,0
446,55,1,3,41876.53,2.0,1,0,52232.73,0
447,50,1,3,19113.58,1.0,1,1,30702.69,0
448,30,0,0,27562.64,4.0,0,1,134546.61,0
449,37,0,5,72238.87,1.0,1,1,28833.05,0
450,29,1,7,4772.55,2.0,0,1,64088.02,0
451,44,0,5,120038.46,3.0,1,1,38634.2,0
452,59,0,3,26390.3,1.0,0,0,39702.9,0
453,30,1,8,60674.37,4.0,1,1,107641.77,0
454,52,0,7,151255.54,4.0,1,1,50160.24,0
455,37,1,3,7772.52,1.0,0,1,29947.23,0
456,33,0,5,16740.44,2.0,1,1,95274.04,0
457,43,0,2,22381.51,3.0,1,1,164231.05,0
458,29,0,2,11950.37,2.0,0,0,59608.24,0
459,36,1,13,304405.08,2.0,1,1,31315.77,0
460,27,1,1,9977.41,4.0,1,1,22689.05,0
461,74,1,7,30937.51,2.0,1,1,72780.55,0
462,45,1,12,68364.46,2.0,1,1,79338.01,0
463,34,0,6,11015.68,1.0,1,1,17794.92,0
464,48,1,2,20997.43,3.0,1,0,88072.45,0
465,43,0,2,41027.28,1.0,0,1,63696.61,0
466,41,1,1,19279.73,2.0,1,0,11229.33,0
467,54,0,7,42291.98,2.0,1,0,33231.89,0
468,56,1,5,24520.01,1.0,0,0,36879.36,0
469,37,0,1,5701.58,2.0,0,1,39055.62,0
470,36,0,16,83731.75,4.0,1,1,239693.42,0
471,40,1,4,196165.8,4.0,1,1,68543.43,0
472,18,0,0,,,1,1,14086.13,0
473,22,0,2,30461.05,4.0,1,1,36393.71,0
474,65,0,9,112947.82,2.0,1,0,60555.91,0
475,69,0,4,12045.49,2.0,1,0,83819.42,0
476,41,1,2,161005.89,1.0,0,0,91644.23,0
477,53,1,10,66336.14,2.0,1,1,181350.19,0
478,49,1,4,187640.36,4.0,1,1,63896.42,0
479,80,1,8,28573.04,3.0,0,1,269497.83,0
480,61,0,5,266613.19,1.0,1,1,158135.66,0
481,43,1,1,59437.66,3.0,1,1,33776.63,0
482,30,0,0,38293.68,1.0,1,0,276578.18,0
483,20,0,1,27555.96,2.0,0,0,37739.1,1
484,48,1,2,24326.15,2.0,0,1,25320.89,0
485,33,0,0,75364.41,1.0,0,0,187768.22,0
486,23,1,8,42428.51,3.0,1,0,214006.88,0
487,35,0,20,9704.38,4.0,1,0,38905.46,0
488,28,1,7,12006.93,3.0,1,1,23301.15,0
489,70,1,13,58896.42,4.0,1,1,74031.87,0
490,58,1,4,53816.28,1.0,0,1,130461.76,0
491,44,1,17,64067.44,3.0,1,1,167964.79,0
492,67,1,4,142950.51,1.0,1,1,129655.89,0
493,46,0,16,9441.12,4.0,1,1,52000.59,0
494,32,1,20,77808.26,3.0,1,1,162753.88,0
495,67,0,9,9308.52,2.0,1,1,49198.38,0
496,53,1,20,173744.09,3.0,1,1,157241.19,0
497,29,1,4,27776.99,1.0,1,1,28264.08,0
498,42,1,2,45037.93,2.0,1,0,82643.71,0
499,31,0,2,11252.99,4.0,0,1,33824.9,0
500,24,0,3,96756.6,3.0,1,1,39729.5,0
501,58,1,3,103875.57,4.0,1,1,54455.59,0
502,73,0,9,107266.6,3.0,1,1,257512.61,0
503,24,0,19,52749.95,3.0,1,1,23113.91,0
504,53,0,3,62895.87,1.0,1,0,38124.6,0
505,35,1,8,20530.86,3.0,0,1,217968.32,0
506,37,1,12,121987.23,2.0,1,0,117673.67,0
507,36,0,14,291623.4,2.0,1,1,7844.77,0
508,32,0,16,170403.53,3.0,1,1,31237.61,0
509,45,0,5,18317.73,3.0,1,1,11078.62,0
510,32,1,19,93520.01,2.0,1,1,22949.06,0
511,49,1,8,12946.73,3.0,0,1,4069.49,0
512,44,0,2,53409.3,1.0,1,0,54156.47,0
513,41,0,4,53714.36,2.0,1,1,23101.7,0
514,31,0,6,5487.0,2.0,0,1,38860.24,0
515,36,1,2,8767.5,1.0,0,1,11083.71,0
516,56,1,7,35546.65,4.0,1,1,58985.08,0
517,52,0,7,33813.63,4.0,0,1,37523.03,0
518,30,0,0,6571.67,1.0,0,1,120760.24,0
519,46,0,5,56549.06,1.0,1,1,192736.93,0
520,56,1,9,67808.25,4.0,1,1,134504.25,0
521,19,0,2,19370.73,3.0,1,1,21812.7,0
522,53,1,2,15268.46,3.0,0,0,259559.37,0
523,35,1,0,,1.0,1,0,14991.61,0
524,53,0,4,198569.32,1.0,1,0,22425.5,0
525,33,0,13,32173.76,1.0,0,0,35998.86,0
526,18,0,0,10509.13,4.0,1,1,167509.21,0
527,20,1,4,45356.98,1.0,0,1,32123.71,0
528,45,1,2,21248.77,3.0,0,1,40772.7,0
529,48,1,3,29392.11,1.0,0,0,15583.32,0
530,31,1,9,88561.93,1.0,1,1,102632.57,0
531,54,0,8,7284.78,4.0,0,1,115218.21,0
532,20,1,0,,1.0,1,0,71003.25,0
533,44,1,4,37804.41,2.0,1,1,28098.84,0
534,26,0,0,14012.22,4.0,0,1,18982.12,0
535,35,1,3,27499.42,1.0,1,0,14197.38,0
536,45,1,6,39034.26,1.0,1,1,65632.52,0
537,32,1,0,3978.27,1.0,0,1,15913.05,0
538,39,1,2,128468.3,2.0,1,0,21719.06,0
539,60,1,5,44763.8,1.0,0,1,53820.8,0
540,36,1,13,83631.89,2.0,1,1,35752.23,0
541,57,0,20,217331.47,2.0,1,1,47276.27,0
542,28,0,0,7774.74,3.0,0,0,50631.73,0
543,52,1,9,81975.58,2.0,1,0,72420.57,0
544,66,0,5,34382.7,1.0,0,1,49602.65,0
545,18,0,1,49724.23,3.0,1,1,41536.91,0
546,33,0,7,4596.08,2.0,1,1,17414.31,0
547,53,0,14,58887.76,3.0,1,0,74983.52,0
548,41,1,16,34788.8,1.0,0,0,49977.73,0
549,50,1,6,65159.16,2.0,0,0,19858.73,0
550,35,0,2,44407.16,3.0,1,1,115177.47,0
551,46,0,9,23924.25,2.0,1,1,23682.34,0
552,42,0,2,14522.82,4.0,0,1,48405.04,0
553,62,1,7,44249.29,3.0,1,1,196533.84,0
554,48,1,4,14843.9,1.0,0,1,103572.39,0
555,50,0,7,104290.29,4.0,1,1,67934.77,0
556,38,1,2,19733.55,2.0,0,0,31521.36,0
557,37,1,1,1416.55,1.0,0,1,88347.91,0
558,38,1,13,37610.86,2.0,0,0,72270.84,0
559,50,1,2,11227.25,2.0,1,0,31001.17,0
560,38,0,4,6516.92,1.0,1,1,22303.64,0
561,49,1,3,9886.16,2.0,1,1,9549.07,0
562,76,0,4,50227.46,2.0,1,0,102530.43,0
563,58,1,2,127748.97,1.0,1,1,68933.11,0
564,40,1,1,36453.94,1.0,0,1,108150.02,0
565,63,1,13,36738.65,4.0,0,1,80343.11,0
566,38,1,2,45034.62,1.0,1,0,159239.98,0
567,18,0,13,28169.23,4.0,0,1,15798.52,0
568,29,1,4,15242.17,4.0,0,1,88461.04,0
569,18,1,1,6721.82,2.0,0,0,18077.62,0
570,39,1,5,6246.73,1.0,0,0,79824.94,0
571,45,0,5,25727.18,1.0,1,1,14696.4,0
572,70,0,11,75846.21,4.0,1,1,102565.73,0
573,49,0,3,30936.56,2.0,1,1,10242.83,0
574,41,1,3,20968.1,1.0,1,0,35779.88,1
575,57,1,13,24988.72,4.0,0,1,79544.0,0
576,18,0,13,81905.54,3.0,1,1,23650.81,0
577,48,1,12,15318.86,2.0,1,1,21314.32,0
578,56,1,5,90454.73,3.0,1,1,141205.19,0
579,22,1,6,11901.32,3.0,1,1,28081.78,0
580,62,1,6,21920.99,4.0,1,1,40257.02,0
581,50,1,5,9145.36,4.0,1,1,52574.63,0
582,38,1,1,15849.12,1.0,1,1,347234.39,0
583,54,0,6,115893.56,4.0,1,1,175818.7,0
584,79,1,5,82443.57,1.0,1,1,236930.01,0
585,47,1,3,89124.55,3.0,1,0,89632.29,0
586,48,1,11,92004.64,4.0,1,1,73352.89,0
587,38,1,1,8678.48,2.0,1,0,6195.35,0
588,32,1,0,16139.31,3.0,1,0,21939.34,0
589,57,0,3,16666.93,1.0,0,1,38075.37,0
590,32,0,14,203994.08,4.0,1,1,10956.32,0
591,46,0,5,11580.71,3.0,1,1,18990.59,0
592,37,0,3,74885.88,1.0,1,1,11033.85,0
593,52,1,10,131262.17,3.0,1,1,65929.96,0
594,50,1,11,345891.04,2.0,1,0,127242.41,0
595,60,0,5,28513.78,1.0,1,1,140846.12,0
596,37,0,6,76878.72,4.0,1,1,74998.25,0
597,40,1,8,427089.42,2.0,1,0,26211.9,0
598,30,0,5,17815.49,1.0,0,1,7741.48,0
599,38,1,1,5637.7,1.0,1,0,10331.21,0
600,50,1,12,8873.01,4.0,1,1,18421.73,0
601,56,1,6,90565.39,4.0,1,1,35241.75,0
602,31,0,1,3722.35,1.0,0,0,32597.92,0
603,58,0,5,29144.05,1.0,1,0,25168.65,0
604,65,1,3,59861.09,4.0,1,0,105258.37,0
605,51,1,2,38488.6,2.0,1,1,55670.31,0
606,73,0,11,101220.51,2.0,1,0,88554.84,0
607,33,1,0,28334.88,2.0,0,1,95843.25,0
608,26,0,2,91159.44,1.0,1,0,16895.41,0
609,18,1,2,8974.76,3.0,0,1,38581.45,0
610,67,0,3,19933.96,3.0,0,1,62486.54,0
611,54,1,20,37837.81,4.0,0,1,41161.27,0
612,44,0,2,69116.01,1.0,1,1,122691.63,0
613,49,0,3,83844.25,3.0,1,1,131618.0,0
614,28,0,1,37284.49,1.0,1,1,16350.04,0
615,80,0,6,172639.76,4.0,1,1,81616.19,0
616,46,1,1,8653.24,2.0,0,1,60030.08,0
617,46,1,8,243636.05,4.0,1,1,50090.7,0
618,55,0,19,366257.86,2.0,1,0,113079.51,0
619,52,0,3,72899.5,2.0,0,1,85132.23,0
620,48,1,7,262483.0,3.0,1,1,278145.03,0
621,33,1,7,7358.15,3.0,1,1,11316.82,0
622,52,1,11,33400.96,2.0,0,1,47415.02,0
623,73,0,7,25667.97,4.0,0,1,32655.69,0
624,65,0,5,91770.76,1.0,0,1,130128.6,0
625,68,1,5,15953.09,1.0,1,1,17528.38,0
626,37,0,6,80431.2,3.0,1,1,71000.54,0
627,30,1,8,156111.04,3.0,1,1,28518.99,0
628,43,0,2,59858.7,4.0,0,1,33062.22,0
629,45,1,3,43733.83,1.0,1,0,19293.62,0
630,61,0,14,25786.92,1.0,0,1,40553.01,0
631,19,1,7,14288.97,3.0,1,1,67449.81,0
632,67,1,20,315856.08,2.0,1,1,80506.92,0
633,42,1,8,96806.01,4.0,1,1,96724.3,0
634,38,0,3,29741.71,4.0,1,1,159553.32,0
635,29,1,4,20100.75,2.0,0,1,43949.73,0
636,20,1,4,3660.31,1.0,0,1,18579.55,0
637,57,1,3,12463.11,1.0,0,1,81274.22,0
638,46,1,5,259186.77,4.0,1,1,40318.23,0
639,25,1,5,8722.98,1.0,0,1,21831.33,0
640,25,1,0,25290.56,4.0,1,1,9688.79,0
641,39,0,8,118350.8,1.0,1,1,116877.86,0
642,70,1,8,15824.84,2.0,0,1,48001.36,0
643,41,1,16,76464.51,4.0,1,0,66628.9,0
644,22,0,0,51768.33,1.0,1,1,17313.49,0
645,41,0,2,29708.27,3.0,0,1,62793.63,0
646,40,0,5,639971.13,2.0,1,1,30795.78,0
647,18,1,0,3653.96,,1,1,24641.72,0
648,44,1,7,123054.8,2.0,1,0,121964.48,0
649,41,1,8,37024.86,3.0,0,1,83404.56,0
650,55,1,3,77453.11,1.0,1,1,69578.11,0
651,72,0,7,82668.36,2.0,1,0,21112.59,0
652,61,0,6,22178.41,1.0,0,0,644786.55,0
653,40,0,3,39603.42,4.0,1,1,228976.12,0
654,28,0,13,7745.02,4.0,1,1,62150.73,0
655,80,0,13,138915.59,4.0,1,1,51686.32,0
656,45,0,7,58020.33,2.0,1,1,56041.89,0
657,45,1,7,81556.42,3.0,1,1,39735.18,0
658,44,1,4,101277.43,1.0,1,0,166093.99,0
659,47,1,14,89329.97,4.0,1,1,78044.64,0
660,42,1,7,48632.45,2.0,1,1,31261.56,0
661,36,1,7,16445.86,1.0,1,1,27909.56,0
662,36,0,10,22906.94,4.0,0,1,99735.72,0
663,44,1,3,106951.12,1.0,1,1,217358.34,0
664,36,1,8,176732.22,4.0,1,1,179576.79,0
665,34,0,1,19859.16,1.0,0,0,71868.02,0
666,46,0,3,34779.63,2.0,0,1,39164.73,0
667,41,1,3,12863.0,2.0,0,1,3313.1,0
668,67,0,20,292488.28,2.0,1,1,104190.62,0
669,18,1,8,67871.41,4.0,1,1,35827.26,0
670,61,1,9,381970.42,4.0,0,1,85543.14,0
671,63,0,9,23125.93,2.0,0,0,62939.89,0
672,18,0,2,15938.3,1.0,0,1,9552.45,0
673,39,0,15,75653.15,4.0,1,1,87012.37,0
674,39,0,4,64160.27,1.0,0,1,92378.7,0
675,23,0,1,18161.73,1.0,0,1,53908.75,0
676,33,1,1,10424.44,1.0,0,1,82086.64,0
677,28,0,7,88595.21,4.0,1,0,73481.11,0
678,71,1,10,127755.33,4.0,1,1,61893.92,0
679,59,0,5,17048.77,2.0,0,0,54217.3,0
680,64,1,3,148817.6,1.0,1,0,85310.94,0
681,55,0,11,186330.94,3.0,1,1,77187.2,0
682,28,0,0,24688.52,1.0,0,0,77478.22,0
683,37,1,6,40833.58,4.0,1,1,90068.66,0
684,52,1,19,135620.98,3.0,1,0,358212.67,0
685,26,0,2,10719.25,2.0,0,1,195202.66,0
686,55,1,3,36884.23,2.0,0,1,58057.24,0
687,41,0,7,4830.01,1.0,0,0,2058.08,0
688,39,1,9,109588.45,4.0,1,1,149843.2,0
689,55,0,6,9243.3,3.0,1,1,35353.9,0
690,51,0,19,347580.28,1.0,1,1,35306.91,0
691,39,1,1,18984.3,2.0,0,1,31155.88,0
692,62,1,6,37645.49,3.0,0,1,41663.54,0
693,28,0,6,18436.12,3.0,0,1,56896.77,0
694,54,1,12,45050.07,3.0,1,1,20067.52,0
695,53,1,3,145496.86,3.0,1,1,29103.8,0
696,40,0,9,3825.16,2.0,0,1,57345.43,0
697,49,1,5,140981.48,2.0,1,0,107237.68,0
698,26,0,2,35579.43,2.0,1,1,55818.0,0
699,58,1,3,10962.14,3.0,0,1,30183.68,0
700,42,1,11,17675.83,3.0,1,1,20588.72,0
701,37,1,1,138602.01,4.0,1,1,35885.36,0
702,60,0,4,15573.56,2.0,1,1,70396.71,0
703,34,0,2,8674.92,1.0,0,0,128713.33,0
704,23,0,9,121369.85,2.0,1,0,7891.9,0
705,21,0,4,39368.23,1.0,1,0,32445.93,0
706,54,0,10,21382.6,3.0,1,1,18506.91,0
707,25,1,0,25986.48,4.0,1,1,8715.39,0
708,71,0,9,21156.26,2.0,0,1,143257.91,0
709,18,0,3,75762.01,1.0,1,1,55471.63,0
710,70,1,12,196084.42,3.0,1,1,121746.68,0
711,48,0,13,101765.84,1.0,1,0,134144.07,0
712,43,1,1,39308.22,1.0,1,1,40526.07,0
713,36,0,6,217392.7,4.0,1,1,37405.87,0
714,50,1,2,31708.16,2.0,0,1,292159.96,0
715,44,0,5,11552.06,3.0,1,1,38162.29,0
716,61,0,4,63321.06,1.0,1,0,137708.73,0
717,46,1,3,267488.36,1.0,1,1,62636.36,0
718,47,0,3,12144.22,2.0,0,1,11092.92,0
719,39,1,5,25088.88,4.0,1,0,8348.28,0
720,44,0,3,49505.48,3.0,1,1,38026.44,0
721,49,0,8,44704.75,2.0,1,0,151649.73,0
722,19,1,1,8074.55,4.0,0,1,53219.06,0
723,24,0,0,63575.44,1.0,0,0,86317.93,0
724,56,1,10,564841.04,4.0,1,1,32579.47,0
725,47,1,3,40761.75,1.0,1,1,230436.79,0
726,42,1,4,13984.89,1.0,0,0,20810.16,0
727,45,1,7,9149.27,3.0,1,1,55972.95,0
728,50,0,4,47895.16,3.0,1,1,65549.09,0
729,36,0,0,70413.92,1.0,1,1,46009.07,0
730,33,0,2,43785.07,3.0,1,0,146021.17,0
731,47,1,16,66843.63,3.0,1,1,35988.17,0
732,30,1,5,18328.15,2.0,1,0,12336.48,0
733,51,0,7,15200.52,3.0,0,1,52399.55,0
734,19,1,3,58722.71,1.0,1,1,26743.36,0
735,60,0,4,99968.27,4.0,0,1,1126103.76,0
736,52,1,4,8019.19,2.0,1,1,89845.71,0
737,48,0,8,229381.1,3.0,0,1,46275.9,0
738,59,1,3,65583.39,1.0,0,0,32045.11,0
739,69,1,5,186160.32,4.0,1,1,18671.38,0
740,60,0,4,10474.6,1.0,1,1,25586.71,0
741,18,0,1,5440.64,1.0,0,1,30258.02,0
742,25,0,19,52284.13,4.0,1,1,133101.42,0
743,35,0,0,38237.6,1.0,1,0,127392.2,0
744,45,0,5,229025.33,2.0,0,1,73718.16,0
745,52,1,3,70777.33,1.0,1,0,52495.0,0
746,34,1,18,50320.05,4.0,1,1,63219.95,0
747,47,1,2,11080.66,2.0,0,0,32136.87,0
748,33,0,2,93142.04,4.0,1,1,197861.86,0
749,35,1,7,14983.62,4.0,1,1,34336.29,0
750,23,1,5,156586.36,2.0,1,0,37891.08,0
751,31,0,2,20088.19,2.0,1,1,6292.69,0
752,24,1,1,111749.7,1.0,1,0,35531.79,0
753,30,1,2,52117.33,1.0,1,0,92184.9,0
754,60,0,4,34955.85,1.0,0,1,24731.32,0
755,30,0,1,14413.4,3.0,0,1,19918.89,0
756,80,1,8,42291.61,2.0,1,1,178025.18,0
757,52,0,3,53612.19,1.0,1,1,20861.94,0
758,47,1,3,36189.51,1.0,0,1,113426.51,0
759,32,1,5,18610.04,2.0,0,0,24674.01,0
760,55,1,19,67658.14,4.0,1,1,51894.85,0
761,36,0,5,37885.02,4.0,1,1,16551.4,0
762,46,0,2,3648.27,2.0,1,0,64865.34,0
763,80,1,5,78362.31,3.0,1,1,675635.52,0
764,43,1,16,24294.56,4.0,0,1,85503.24,0
765,62,0,4,12845.79,2.0,0,1,29829.94,0
766,34,1,0,4238.13,,0,1,97290.59,0
767,44,1,5,6264.17,1.0,0,1,36080.81,0
768,71,0,8,14413.62,3.0,1,0,198476.2,0
769,35,0,5,17072.67,2.0,1,0,76164.54,0
770,72,1,5,330837.01,4.0,1,1,8247.1,0
771,55,0,2,19527.63,2.0,0,1,24396.66,0
772,36,0,17,75302.66,3.0,1,1,112555.43,0
773,54,0,3,52995.22,2.0,1,0,78883.88,0
774,59,0,8,58307.97,3.0,1,1,32885.41,0
775,54,1,8,45499.41,2.0,1,1,42088.71,0
776,21,1,3,7885.33,2.0,0,1,6480.54,0
777,34,0,2,117297.63,3.0,0,1,47506.73,0
778,41,1,2,178774.09,1.0,1,0,337650.6,0
779,43,1,5,6939.77,3.0,0,1,87121.45,0
780,54,1,12,21580.39,4.0,0,1,310014.92,0
781,47,0,16,50650.52,2.0,1,0,128149.34,0
782,24,0,0,7891.86,1.0,1,1,72703.89,0
783,50,1,2,52607.22,4.0,1,0,320648.07,0
784,54,1,16,34281.14,3.0,1,1,72682.27,0
785,53,0,8,425005.29,2.0,1,0,59338.81,0
786,61,0,13,218269.29,2.0,1,1,174715.89,0
787,57,0,3,44979.19,1.0,0,1,232633.35,0
788,51,1,6,119087.08,3.0,1,1,45663.26,0
789,43,1,7,127867.05,4.0,1,1,33396.98,0
790,20,1,4,15790.51,2.0,0,1,32465.76,0
791,51,0,4,16496.04,1.0,0,0,100293.48,0
792,48,1,1,30914.1,1.0,0,0,93522.52,0
793,49,1,6,99269.44,4.0,1,1,20850.09,0
794,25,0,0,24047.04,1.0,0,1,150832.37,0
795,28,1,2,5351.45,1.0,0,0,20873.72,0
796,60,1,18,35923.94,4.0,1,1,47002.29,0
797,44,0,3,30315.66,1.0,0,1,22578.12,0
798,55,1,11,53605.95,2.0,1,1,613228.22,0
799,45,0,2,218518.44,3.0,1,0,74487.39,0
800,45,1,7,10768.73,3.0,1,1,23898.82,0
801,59,1,20,141328.71,3.0,1,1,148884.77,0
802,37,1,1,114930.39,2.0,1,0,99578.46,0
803,46,1,1,272441.7,2.0,0,1,53627.34,0
804,38,0,3,20638.8,3.0,1,1,82529.03,0
805,38,1,1,42774.64,3.0,0,1,28298.12,0
806,40,1,7,72816.57,4.0,1,1,38190.85,0
807,48,0,14,75846.35,2.0,1,1,12857.41,0
808,37,1,3,27755.18,3.0,0,1,14355.2,0
809,63,1,4,63425.84,1.0,1,0,332796.51,0
810,31,0,2,2121.81,1.0,0,0,137715.54,0
811,42,1,7,82952.75,3.0,1,1,61704.16,0
812,38,1,0,26987.77,3.0,1,0,159335.16,0
813,66,0,8,43165.48,2.0,1,0,71441.13,0
814,47,1,6,319294.63,4.0,0,1,52067.99,0
815,60,0,8,26244.64,2.0,1,1,60791.92,0
816,22,0,0,13541.88,1.0,0,1,27603.82,0
817,49,0,8,345688.47,3.0,1,1,54846.34,0
818,58,1,3,15949.19,1.0,0,0,141407.96,1
819,46,1,2,17687.73,4.0,1,1,54054.08,0
820,60,0,13,56854.35,2.0,1,0,133566.31,0
821,37,0,7,92876.08,3.0,1,1,122822.68,0
822,66,1,3,47937.41,1.0,1,1,110772.87,0
823,79,0,6,14416.87,2.0,1,0,33086.47,0
824,39,1,2,16921.34,1.0,0,1,14519.12,0
825,38,1,2,15551.75,2.0,0,0,47450.6,0
826,66,1,5,41594.73,1.0,1,1,70804.9,0
827,68,1,4,65146.86,2.0,1,0,89106.83,0
828,37,0,3,46547.5,3.0,1,1,53132.78,0
829,38,1,7,6847.08,4.0,0,1,332793.99,0
830,40,1,5,105315.54,2.0,1,0,19545.59,0
831,24,1,4,37315.56,2.0,1,1,6504.24,0
832,31,0,0,88830.24,3.0,0,0,62822.49,0
833,29,1,15,85002.74,4.0,1,1,34235.68,0
834,33,0,9,129668.39,3.0,1,1,64439.85,0
835,44,0,9,76071.39,4.0,1,1,96406.68,0
836,48,0,10,199763.09,2.0,1,0,179356.86,0
837,68,1,17,138356.08,4.0,1,1,24881.94,0
838,30,1,3,25963.55,1.0,0,1,23263.15,0
839,59,1,4,385983.22,4.0,1,1,105113.72,0
840,41,1,5,89220.15,2.0,1,1,106679.68,0
841,44,0,8,80222.5,2.0,1,1,349403.95,0
842,55,1,9,14598.78,2.0,0,0,117011.59,0
843,28,0,3,7737.65,1.0,0,0,33314.47,0
844,50,1,2,42504.22,2.0,1,0,32418.61,0
845,47,1,4,41730.9,1.0,1,0,40279.66,0
846,52,1,14,34898.43,4.0,0,1,32548.31,0
847,49,1,6,48288.06,4.0,1,1,110043.9,0
848,80,0,8,291232.94,1.0,1,0,115972.62,0
849,35,0,2,55632.02,2.0,1,0,18011.3,0
850,37,1,2,9036.0,1.0,0,0,29211.19,0
851,35,0,11,43443.59,1.0,1,1,104789.88,0
852,36,0,6,16702.37,3.0,1,1,53887.76,0
853,35,1,8,28250.8,4.0,0,1,62958.17,0
854,62,1,6,30761.52,3.0,1,1,80905.22,0
855,66,0,8,33443.94,3.0,1,1,229456.53,0
856,36,0,2,7986.08,1.0,0,0,49126.95,0
857,32,1,6,31639.18,1.0,0,0,27733.67,0
858,52,1,4,21476.52,2.0,0,1,25135.57,0
859,36,0,3,1621.63,3.0,0,1,49663.04,0
860,54,0,7,361751.09,4.0,1,1,9915.39,0
861,48,0,15,193024.97,4.0,1,1,55404.59,0
862,22,0,0,13909.37,3.0,0,1,25873.5,0
863,68,0,12,68142.74,1.0,1,0,27892.17,0
864,71,1,5,14434.85,1.0,0,1,31452.19,0
865,35,1,3,163877.96,2.0,1,0,99250.32,0
866,39,1,1,176094.59,1.0,1,0,67000.01,0
867,49,0,3,39855.32,4.0,1,1,70677.21,0
868,50,1,5,110339.51,1.0,1,1,84449.97,0
869,54,0,2,39054.75,1.0,1,0,75245.28,0
870,75,1,7,14263.6,4.0,1,1,186492.06,0
871,42,1,14,39221.25,2.0,1,1,64616.11,0
872,33,0,0,25886.76,,0,1,11988.44,0
873,24,1,6,21027.38,4.0,1,0,117744.3,0
874,34,0,3,23931.04,2.0,0,1,52745.47,0
875,44,1,6,36667.0,4.0,1,1,29011.78,0
876,71,0,5,42966.51,1.0,1,1,31523.21,0
877,37,0,1,27315.98,2.0,0,1,56826.59,0
878,48,1,2,10799.24,1.0,0,1,44969.83,0
879,44,0,1,13484.85,3.0,1,1,163763.32,0
880,62,1,4,11265.72,3.0,1,1,45160.15,0
881,80,0,10,175681.48,2.0,1,1,48320.29,0
882,37,1,11,6026.66,4.0,1,1,84767.31,0
883,37,1,9,141931.93,4.0,1,1,112827.8,0
884,60,1,8,206179.07,4.0,1,1,86447.19,0
885,55,0,3,26458.35,2.0,1,1,93578.01,0
886,72,0,5,3473.73,1.0,1,1,64835.97,0
887,53,0,4,26427.91,4.0,0,1,63929.01,0
888,39,0,2,27019.53,1.0,1,0,108826.17,0
889,53,1,5,14792.58,2.0,1,1,87438.51,0
890,61,1,6,27579.07,3.0,1,1,51380.12,0
891,57,1,4,180897.23,1.0,1,1,214493.93,0
892,52,1,4,73148.75,2.0,1,1,10250.92,0
893,61,1,11,24038.22,4.0,0,1,303787.83,0
894,62,1,10,11768.48,1.0,0,1,15213.36,0
895,65,0,5,32162.37,4.0,1,1,37382.35,0
896,54,1,14,52951.06,3.0,1,1,67620.9,0
897,42,1,16,105349.57,2.0,1,1,52067.23,0
898,47,1,3,19615.03,2.0,1,0,108857.88,0
899,63,0,5,73287.37,4.0,1,1,33621.22,0
900,32,0,3,202262.36,1.0,1,1,60487.89,0
901,50,0,16,155334.17,3.0,1,1,41617.12,0
902,39,1,11,48051.4,3.0,1,1,70543.97,0
903,45,1,2,25309.45,4.0,1,1,44826.13,0
904,64,0,5,30991.29,1.0,1,1,65718.93,0
905,47,1,5,125883.2,1.0,1,1,40745.23,0
906,45,0,4,18937.9,2.0,0,1,31392.15,0
907,24,0,0,21662.7,,0,1,40214.57,0
908,56,0,12,64264.78,1.0,1,1,152671.98,0
909,54,1,8,29765.76,2.0,0,1,33303.53,0
910,77,1,13,18877.12,2.0,0,1,35160.34,0
911,40,0,10,66931.96,3.0,1,0,92545.34,0
912,48,1,8,44015.5,3.0,1,1,62557.78,0
913,48,0,4,60007.64,2.0,1,1,124772.51,0
914,68,1,8,32089.04,1.0,1,0,30966.96,0
915,43,1,2,101251.27,3.0,1,1,14327.34,0
916,49,1,7,18542.26,2.0,0,0,32717.99,0
917,54,0,3,196715.92,1.0,1,0,37847.65,0
918,47,1,7,7631.16,4.0,1,1,45690.19,0
919,38,1,2,44092.84,1.0,1,1,32902.64,0
920,47,0,2,49749.51,1.0,0,0,114444.75,0
921,61,1,4,18232.16,1.0,1,1,46718.99,0
922,29,0,0,33334.35,2.0,0,0,40141.94,0
923,46,1,7,156149.15,3.0,1,1,70693.13,0
924,34,0,6,3993.43,2.0,0,1,45840.59,0
925,62,1,6,76909.15,2.0,1,1,75944.43,0
926,22,1,0,1674.63,,0,0,45895.72,0
927,36,0,1,9778.24,3.0,0,1,21521.43,0
928,50,0,2,161750.37,1.0,1,0,202474.83,0
929,68,0,4,23784.13,1.0,1,1,52896.05,0
930,44,0,12,17079.01,4.0,0,1,16278.83,0
931,36,0,1,21070.76,3.0,0,1,47277.39,0
932,73,1,6,398548.47,2.0,1,1,44444.49,0
933,23,0,0,,2.0,0,1,53180.38,0
934,18,0,0,6774.07,3.0,1,0,161659.51,0
935,51,1,5,178709.55,1.0,1,1,35730.63,0
936,37,0,5,226573.82,1.0,1,1,70213.11,0
937,29,1,1,21629.83,2.0,0,0,8737.62,0
938,55,1,2,9570.23,3.0,0,1,78322.43,0
939,48,1,4,295915.78,2.0,1,1,31611.55,0
940,36,1,1,126503.02,3.0,1,1,32074.78,0
941,25,1,0,41260.2,1.0,0,1,17605.64,0
942,58,0,18,35034.1,3.0,0,1,101763.5,0
943,54,0,7,44210.18,4.0,1,1,156412.16,0
944,43,0,5,31803.21,4.0,0,1,46621.63,0
945,72,1,6,69669.07,3.0,0,1,43503.14,0
946,28,0,2,110538.63,2.0,1,0,161645.46,0
947,22,1,3,63474.89,1.0,0,0,21756.82,0
948,34,1,6,12479.57,2.0,1,1,6955.83,0
949,44,1,7,169084.35,1.0,1,0,87197.9,0
950,48,1,2,42657.92,2.0,0,0,26529.94,0
951,41,0,4,68043.2,1.0,0,0,127020.3,0
952,50,1,4,160385.35,1.0,1,0,48723.97,0
953,26,1,9,13219.54,4.0,0,0,54154.1,0
954,66,0,8,52023.24,1.0,1,0,249169.54,0
955,43,0,5,21943.54,2.0,0,1,17396.51,0
956,61,1,3,7820.72,1.0,0,1,37409.37,0
957,50,1,6,59816.4,3.0,1,1,62211.78,0
958,51,1,2,394154.59,1.0,1,1,229363.23,0
959,53,1,4,6023.41,2.0,0,0,31311.17,0
960,51,1,2,30966.5,1.0,0,0,32050.05,0
961,54,1,8,93287.46,4.0,1,0,102428.35,0
962,64,0,4,46733.66,3.0,1,1,49979.84,0
963,47,0,4,32220.17,2.0,0,0,54978.11,0
964,55,0,13,17271.9,3.0,1,1,15744.32,0
965,43,1,2,37696.63,2.0,0,0,269029.33,0
966,66,1,7,23893.2,1.0,1,1,21250.95,0
967,34,1,3,3333.12,2.0,0,1,30319.88,0
968,72,0,4,144599.24,2.0,1,1,84638.54,0
969,44,1,9,124401.31,2.0,0,0,279113.8,0
970,23,1,0,21570.68,3.0,1,0,10821.61,0
971,46,1,4,44979.72,1.0,1,0,304662.32,0
972,34,1,4,93902.38,1.0,1,0,93439.25,0
973,57,0,7,59515.07,3.0,1,1,101500.9,0
974,35,1,6,91382.69,2.0,1,1,23622.8,0
975,38,0,2,21200.93,1.0,0,0,66524.99,0
976,18,0,0,71980.49,1.0,1,0,20113.33,0
977,38,1,7,55735.64,4.0,1,1,150860.87,0
978,18,1,2,28241.28,2.0,0,0,12691.83,0
979,21,1,8,10131.6,3.0,0,1,27201.36,0
980,56,1,11,77652.96,4.0,0,1,46021.14,0
981,56,1,11,25364.2,2.0,0,0,25051.57,0
982,51,1,5,21116.35,3.0,1,1,93312.81,0
983,30,1,2,11695.34,2.0,1,0,55735.19,0
984,44,0,9,16426.44,3.0,1,1,122279.93,0
985,44,0,4,294275.56,1.0,1,0,14549.68,0
986,27,0,0,80892.78,,1,1,103966.65,0
987,67,0,13,473585.32,2.0,1,1,609630.61,0
988,58,0,13,19089.13,3.0,0,1,39473.03,0
989,41,0,4,36757.07,1.0,0,1,201787.36,0
990,45,0,1,7643.15,3.0,1,0,38247.57,0
991,48,1,4,18147.57,3.0,0,1,16474.3,0
992,18,0,6,12382.55,2.0,1,1,21613.15,0
993,41,1,12,185795.41,3.0,1,1,133222.81,0
994,34,0,1,16954.71,1.0,0,1,20058.73,0
995,29,1,0,63470.4,2.0,0,0,28620.85,0
996,40,0,11,93094.32,3.0,1,1,91082.17,0
997,71,0,6,497440.93,1.0,1,1,86133.08,0
998,54,1,6,9953.41,4.0,1,1,85797.1,0
999,36,0,17,222071.33,4.0,1,1,63956.38,0
1000,53,0,2,102311.42,1.0,1,1,101164.27,0
